Posted,Title,Company,Location,Work Type,Experience,Skills,Source,Apply Link
"Oct 09, 12:50 AM",Azure Databricks Data Engineer,Infosys Limited,"Bangalore, Karnataka",Not specified,Not specified,"Spark, Databricks, Azure",adzuna,https://www.adzuna.in/details/5919977606?utm_medium=api&utm_source=354e2fff
"Oct 09, 12:50 AM",Azure Databricks Data Engineer,Infosys Limited,"Bangalore, Karnataka",Not specified,Not specified,"Spark, Databricks, Azure",adzuna,https://www.adzuna.in/details/5919977612?utm_medium=api&utm_source=354e2fff
"Oct 08, 11:43 PM",Data Engineer ID94415,AgileEngine,"Kannur, Kerala",Not specified,Not specified,"SQL, Python, Spark, PySpark, Airflow, Snowflake, AWS",adzuna,https://www.adzuna.in/details/5919839390?utm_medium=api&utm_source=354e2fff
"Oct 08, 11:43 PM",Data Engineer ID94415,AgileEngine,"Vileparle West, Mumbai",Not specified,Not specified,"SQL, Python, Spark, PySpark, Airflow, Snowflake, AWS",adzuna,https://www.adzuna.in/details/5919839374?utm_medium=api&utm_source=354e2fff
"Oct 08, 11:43 PM",Data Engineer ID94415,AgileEngine,"Kochi, Ernakulam",Not specified,Not specified,"SQL, Python, Spark, PySpark, Airflow, Snowflake, AWS",adzuna,https://www.adzuna.in/details/5919839394?utm_medium=api&utm_source=354e2fff
"Oct 08, 11:43 PM",Data Engineer ID94415,AgileEngine,"Jalalabad, Shahjahanpur",Not specified,Not specified,"SQL, Python, Spark, PySpark, Airflow, Snowflake, AWS",adzuna,https://www.adzuna.in/details/5919839387?utm_medium=api&utm_source=354e2fff
"Oct 08, 11:43 PM",Data Engineer ID94415,AgileEngine,"Mini Sectt., Gurgaon",Not specified,Not specified,"SQL, Python, Spark, PySpark, Airflow, Snowflake, AWS",adzuna,https://www.adzuna.in/details/5919839373?utm_medium=api&utm_source=354e2fff
"Oct 08, 11:43 PM",Data Engineer ID94415,AgileEngine,"Noida, Ghaziabad",Not specified,Not specified,"SQL, Python, Spark, PySpark, Airflow, Snowflake, AWS",adzuna,https://www.adzuna.in/details/5919839395?utm_medium=api&utm_source=354e2fff
"Oct 08, 11:43 PM",Data Engineer ID94415,AgileEngine,"Sansad Marg, New Delhi",Not specified,Not specified,"SQL, Python, Spark, PySpark, Airflow, Snowflake, AWS",adzuna,https://www.adzuna.in/details/5919839380?utm_medium=api&utm_source=354e2fff
"Oct 08, 11:43 PM",Data Engineer ID94415,AgileEngine,"Khengrapatti, Kolkata",Not specified,Not specified,"SQL, Python, Spark, PySpark, Airflow, Snowflake, AWS",adzuna,https://www.adzuna.in/details/5919839356?utm_medium=api&utm_source=354e2fff
"Oct 08, 11:43 PM",Data Engineer ID94415,AgileEngine,"Motera, Ahmedabad",Not specified,Not specified,"SQL, Python, Spark, PySpark, Airflow, Snowflake, AWS",adzuna,https://www.adzuna.in/details/5919839357?utm_medium=api&utm_source=354e2fff
"Oct 08, 11:43 PM",Data Engineer ID94415,AgileEngine,"Yerwada, Pune",Not specified,Not specified,"SQL, Python, Spark, PySpark, Airflow, Snowflake, AWS",adzuna,https://www.adzuna.in/details/5919839358?utm_medium=api&utm_source=354e2fff
"Oct 08, 11:43 PM",Data Engineer ID94415,AgileEngine,"Hussainialam, Hyderabad",Not specified,Not specified,"SQL, Python, Spark, PySpark, Airflow, Snowflake, AWS",adzuna,https://www.adzuna.in/details/5919839364?utm_medium=api&utm_source=354e2fff
"Oct 08, 05:11 PM",Senior Data Engineer,LiveRamp,"Hyderabad, Telangana",Not specified,Not specified,,adzuna,https://www.adzuna.in/details/5919549528?utm_medium=api&utm_source=354e2fff
"Oct 08, 05:04 PM",Azure Data Engineer,Trigent Software Private Limited,"Chauth Ka Barwara, Sawai Madhopur",Not specified,Not specified,"SQL, Azure",adzuna,https://www.adzuna.in/details/5919544546?utm_medium=api&utm_source=354e2fff
"Oct 08, 05:04 PM",Data Engineering Engineer II,Tekwissen India,India,Hybrid,Not specified,,adzuna,https://www.adzuna.in/details/5919544342?utm_medium=api&utm_source=354e2fff
"Oct 08, 03:05 PM",Data Engineer Profisee,Alfa Laval Spiral,India,Not specified,Not specified,Spark,adzuna,https://www.adzuna.in/details/5919357885?utm_medium=api&utm_source=354e2fff
"Oct 08, 03:04 PM",Senior Software Engineer - Python Data Engineering- M&A,FactSet,India,Not specified,Not specified,Python,adzuna,https://www.adzuna.in/details/5919352831?utm_medium=api&utm_source=354e2fff
"Oct 08, 03:02 PM",Senior Data Engineer - R01572077,Brillio,"Pune, Maharashtra",Not specified,2+ yrs,"SQL, Python, Snowflake",adzuna,https://www.adzuna.in/details/5919346329?utm_medium=api&utm_source=354e2fff
"Oct 08, 03:01 PM",Data Engineer II,Zebra Technologies,India,Not specified,Not specified,,adzuna,https://www.adzuna.in/details/5919343878?utm_medium=api&utm_source=354e2fff
"Oct 08, 02:59 PM","Data Engineer, Specialist (WT Service Experience)",The Vanguard Group,"Hyderabad, Telangana",Not specified,Not specified,,adzuna,https://www.adzuna.in/details/5919342822?utm_medium=api&utm_source=354e2fff
"Oct 08, 02:58 PM",IN_Senior Associate_Azure Data Engineering _GCC_Advisory_Bangalore,PricewaterhouseCoopers,India,Not specified,Not specified,,adzuna,https://www.adzuna.in/details/5919342118?utm_medium=api&utm_source=354e2fff
"Oct 08, 02:58 PM",.NET Data Engineer,EXL,India,Not specified,Not specified,SQL,adzuna,https://www.adzuna.in/details/5919341864?utm_medium=api&utm_source=354e2fff
"Oct 08, 02:57 PM",Associate Developer (AWS) - Data Engineering (Bangalore)-1,3M,India,Not specified,Not specified,AWS,adzuna,https://www.adzuna.in/details/5919341021?utm_medium=api&utm_source=354e2fff
"Oct 08, 02:56 PM",Data Engineer,Accenture,India,Not specified,Not specified,AWS,adzuna,https://www.adzuna.in/details/5919340941?utm_medium=api&utm_source=354e2fff
"Oct 08, 02:55 PM",Sr. Data Engineer - Data Engineering 4B,Genpact,India,Not specified,Not specified,,adzuna,https://www.adzuna.in/details/5919339924?utm_medium=api&utm_source=354e2fff
"Oct 08, 02:53 PM",Data Engineer,dentsu,India,Not specified,Not specified,,adzuna,https://www.adzuna.in/details/5919338451?utm_medium=api&utm_source=354e2fff
"Oct 08, 02:52 PM",Data Engineer,EXL,"Haryana, India",Not specified,Not specified,,adzuna,https://www.adzuna.in/details/5919337083?utm_medium=api&utm_source=354e2fff
"Oct 08, 02:52 PM",Senior Data Engineer,Lloyds Bank,India,Hybrid,Not specified,,adzuna,https://www.adzuna.in/details/5919336972?utm_medium=api&utm_source=354e2fff
"Oct 08, 02:51 PM",Senior Data Engineer - Internal Data Platform & Analytics,Glean,"Bangalore, Karnataka",Not specified,Not specified,,adzuna,https://www.adzuna.in/details/5919336099?utm_medium=api&utm_source=354e2fff
"Oct 08, 02:48 PM",Data Engineer,BP,India,Not specified,Not specified,"Databricks, AWS",adzuna,https://www.adzuna.in/details/5919325952?utm_medium=api&utm_source=354e2fff
"Oct 08, 02:48 PM",Senior Data Engineer,Wolters Kluwer,India,Not specified,Not specified,,adzuna,https://www.adzuna.in/details/5919325130?utm_medium=api&utm_source=354e2fff
"Oct 08, 02:47 PM",Data Engineer & Full Stack Developer,Hewlett Packard Enterprise,"Bangalore, Karnataka",Hybrid,Not specified,,adzuna,https://www.adzuna.in/details/5919323121?utm_medium=api&utm_source=354e2fff
"Oct 08, 02:43 PM",BI Engineer - Associate - Analytics as Services - Operate,PricewaterhouseCoopers,India,Not specified,Not specified,,adzuna,https://www.adzuna.in/details/5919305116?utm_medium=api&utm_source=354e2fff
"Oct 08, 02:42 PM",Data Engineer – Azure/Databricks – Remote,Maltem Australia,India,Remote,Not specified,"Databricks, Azure",adzuna,https://www.adzuna.in/details/5919298978?utm_medium=api&utm_source=354e2fff
"Oct 08, 02:42 PM",P1- GP-QA Specialist – ETL / Data Engineering / Power BI / Microsoft Fabric,Atlas Systems,"J P Nagar, Bangalore",Not specified,Not specified,,adzuna,https://www.adzuna.in/details/5919295115?utm_medium=api&utm_source=354e2fff
"Oct 08, 02:39 PM",Sr. Data Engineer - Data Engineering 4B,Genpact,India,Not specified,Not specified,,adzuna,https://www.adzuna.in/details/5919283401?utm_medium=api&utm_source=354e2fff
"Oct 08, 02:39 PM",Senior Data Engineer - Data and Analytics,Pattern,"Pune, Maharashtra",Not specified,Not specified,,adzuna,https://www.adzuna.in/details/5919283172?utm_medium=api&utm_source=354e2fff
"Oct 08, 02:39 PM",Data Engineer,dentsu,India,Not specified,Not specified,AWS,adzuna,https://www.adzuna.in/details/5919279838?utm_medium=api&utm_source=354e2fff
"Oct 08, 02:36 PM",Technical Architect - Data Engineering,Circana Careers,"Immedihalli, Bangalore",Not specified,Not specified,,adzuna,https://www.adzuna.in/details/5919266866?utm_medium=api&utm_source=354e2fff
"Oct 08, 02:35 PM",Data Engineer - Data Engineering 4A,Genpact,India,Not specified,Not specified,,adzuna,https://www.adzuna.in/details/5919262638?utm_medium=api&utm_source=354e2fff
"Oct 08, 02:35 PM",Senior Data Engineer,Cognite,"Bangalore, Karnataka",Not specified,Not specified,,adzuna,https://www.adzuna.in/details/5919262445?utm_medium=api&utm_source=354e2fff
"Oct 08, 02:34 PM",Sr. Data Engineer,Solventum,India,Not specified,Not specified,,adzuna,https://www.adzuna.in/details/5919258563?utm_medium=api&utm_source=354e2fff
"Oct 08, 02:33 PM",Sr. Data Engineer - Data Engineering 4B,Genpact,India,Not specified,Not specified,,adzuna,https://www.adzuna.in/details/5919253561?utm_medium=api&utm_source=354e2fff
"Oct 08, 02:33 PM",Data Engineer - AI Hub,Linde,"Bangalore, Karnataka",Not specified,Not specified,,adzuna,https://www.adzuna.in/details/5919252243?utm_medium=api&utm_source=354e2fff
"Oct 08, 02:30 PM",Associate Data Engineer,Mobility Global,India,Not specified,Not specified,,adzuna,https://www.adzuna.in/details/5919240991?utm_medium=api&utm_source=354e2fff
"Oct 08, 02:28 PM",Data Engineering Consultant,Billigence,"Madivala, Bangalore",Not specified,Not specified,,adzuna,https://www.adzuna.in/details/5919235579?utm_medium=api&utm_source=354e2fff
"Oct 08, 02:28 PM",Senior Data Engineer,BP,India,Not specified,Not specified,"Databricks, AWS",adzuna,https://www.adzuna.in/details/5919234724?utm_medium=api&utm_source=354e2fff
"Oct 08, 04:16 AM","Business Intelligence Engineer, eCS Data Engineering and Analytics",Amazon,"Bangalore, Karnataka",Not specified,Not specified,,adzuna,https://www.adzuna.in/details/5918523253?utm_medium=api&utm_source=354e2fff
"Oct 07, 09:45 AM",ETL Developer,GradMener Technology Pvt. Ltd.,"Pune, Maharashtra",Not specified,Not specified,,adzuna,https://www.adzuna.in/details/5916911619?utm_medium=api&utm_source=354e2fff
"Oct 06, 11:12 AM",Senior Data Engineer - MS Fabric,Bosch,"bangalore, , India",Not specified,2+ yrs,"SQL, Python, Spark, Databricks, Kafka, AWS, Azure, GCP, Scala",smartrecruiters,https://jobs.smartrecruiters.com/BoschGroup/744000153834596-senior-data-engineer-ms-fabric
